{
  "de": [
    [
      -127.81643096110264,
      53.07577417223928,
      -38.23389143621081,
      -5.460385019401645,
      29.714469884656012,
      -104.06464094315425,
      -11.310425244564069,
      28.71801417258483,
      1.1897166466278861,
      -5.1853517132105384,
      69.37698850213737,
      -54.44649934664507,
      -54.11843230919057,
      -21.108498638843677,
      -286.97525592957413,
      -11.5662980565732,
      -7.9356076949668655,
      62.630332004562376,
      42.42041648975693,
      -92.85804431850912,
      155.63058731826737,
      -45.664098841602694,
      -93.63318506454544,
      -24.945629264643806,
      -123.44287245438395,
      103.22513900050424
    ],
    -17.4
  ],
  "en": [
    [
      -50.04040070640464,
      24.68785355627125,
      -37.812488072460496,
      -26.02037152445959,
      -107.24429038800035,
      66.46675817222433,
      8.466604370173872,
      77.96479374594708,
      -26.601377110306807,
      -37.777881044039376,
      -73.32055760626545,
      -38.90450254176506,
      72.91745664656335,
      -12.220264715713363,
      47.5274380205947,
      -7.640409409608139,
      -13.593962466170147,
      17.4030853090363,
      -50.03248824116656,
      68.22418332283733,
      -88.18772744777726,
      -10.826311281028614,
      39.75920222886233,
      -7.206828185286973,
      3.087627612071671,
      -56.6987549502569
    ],
    29.1
  ],
  "fr": [
    [
      29.896041529737452,
      -27.423320947656958,
      62.26536440471655,
      -12.024548211062651,
      23.23761573807508,
      -0.0457524792658095,
      -36.71345327291253,
      -46.04417844242934,
      -21.24768041762367,
      -78.59696877616203,
      -80.06613149106121,
      72.15429652492524,
      -3.8266660910452526,
      -65.70476349170791,
      -38.698515202361364,
      10.569441994414664,
      16.784992196700774,
      -33.90807823203879,
      33.145987548545094,
      -37.78891468332324,
      86.33869219110127,
      -75.51369470689863,
      -84.10521031419695,
      13.061345969459765,
      -8.618344043158483,
      -74.1944991278751
    ],
    -0.8999999999999999
  ],
  "nl": [
    [
      -33.79055884782089,
      -11.058144095012587,
      -129.45967462937995,
      30.685544687677222,
      184.15323817249555,
      -39.02337367881359,
      60.16195730191262,
      1.8559453101798482,
      -153.2802275599754,
      59.33667726874049,
      4.386823890313568,
      -55.0279589726988,
      4.908490484736875,
      76.72216957577496,
      23.529090921349905,
      -38.93725393938577,
      0.5375607315256418,
      -122.4538247499649,
      -49.91159299636749,
      -28.390574673226034,
      -109.567613793127,
      170.24987303472668,
      63.31718102109248,
      10.077276641941715,
      -65.07166936502031,
      -65.06330365136873
    ],
    17.1
  ],
  "pl": [
    [
      16.20257287176679,
      -8.389298318293488,
      7.9165590526401,
      -11.399302827183796,
      -15.854043979467889,
      -6.226586317573455,
      2.3035770296677125,
      -33.55663094274638,
      9.326373329170693,
      13.299636278871652,
      31.38864616222697,
      7.289684256726742,
      -2.615713232117947,
      -22.19060095581433,
      19.399538488379797,
      30.263915966356596,
      0.5770575269177615,
      -24.435592747853256,
      1.2015908269169575,
      -12.550562075825532,
      -12.35383800794742,
      -10.710272413833945,
      21.925068961863694,
      0.8034756936082441,
      17.54988734949581,
      17.22112466910825
    ],
    1.1
  ]
}