{
  "de": [
    [
      -106.21464983137872,
      198.05218952553753,
      -181.51689687450707,
      -52.34555360092682,
      29.927532125968327,
      -75.89090003211146,
      27.948583302640245,
      156.23885411398356,
      -51.456736946266886,
      -210.13975016407267,
      276.21578673581155,
      -117.34015131201497,
      -66.57671040731006,
      -30.360605315467225,
      -304.3489886948322,
      -12.68924423218688,
      -171.91412812614894,
      172.39621165648168,
      91.8975729592579,
      -13.89305075052738,
      111.87579478713104,
      -178.66701223412275,
      -145.99275970673082,
      -94.1113039548097,
      -772.4498339726447,
      299.04432313800413
    ],
    219.6
  ],
  "en": [
    [
      -36.47854334496287,
      11.177840861984905,
      114.01325332849447,
      -31.054114243623033,
      -131.38509226927772,
      114.46201461809662,
      130.33734088747013,
      222.28603087828947,
      2.000531713075901,
      -362.6963075229462,
      -418.96163332449936,
      50.237980654733505,
      10.055134601912641,
      76.46669819613611,
      61.580374749588174,
      25.501432031027356,
      -153.5257249680936,
      36.092313332147896,
      -76.97989410532264,
      61.957421090477965,
      -136.3089019271588,
      -96.69917209488679,
      102.23637038417667,
      -111.7124453949647,
      319.43142862710636,
      -458.74016449218084
    ],
    707.6
  ],
  "fr": [
    [
      41.95286939682501,
      -21.115907765774395,
      31.314899832554005,
      8.282848480216689,
      72.85710012224436,
      -38.29611552900744,
      -104.32057965022854,
      -144.36412251496773,
      62.424621843582514,
      -123.30973309074614,
      -222.79064134849918,
      22.376540910680518,
      -168.69973219748147,
      -17.663526100147536,
      52.72140743083368,
      -2.6629606376041757,
      100.75331951862992,
      -48.64360204774556,
      87.10457550441325,
      -104.37578762141708,
      -5.3336080342454295,
      -84.41022179343227,
      -286.80430354195505,
      52.36890776368767,
      -40.08501589249961,
      -207.01529849330944
    ],
    11.1
  ],
  "nl": [
    [
      24.385152758093028,
      -146.51162004049456,
      -283.6788108482169,
      37.747029868677174,
      137.83000934932195,
      -285.30700403575054,
      62.708865341069725,
      -24.843457974420716,
      -66.21397001251358,
      307.42372867962973,
      13.052770469668776,
      -3.6247358289208336,
      72.11930557465847,
      7.355376843433817,
      232.6698010995213,
      -212.64587994205127,
      -5.647397431168415,
      -236.85590883282498,
      -45.68997079351473,
      21.601827551905785,
      -235.9435929160171,
      600.1152032856471,
      -122.91101098017411,
      -82.33068819694273,
      -358.5506495339721,
      -202.1444973994766
    ],
    150.6
  ],
  "pl": [
    [
      13.139620102708179,
      -5.402916607489078,
      4.872930430879358,
      -8.971479044645317,
      -15.453460429958518,
      -2.4900254718942385,
      4.239485590035745,
      -24.678400711496728,
      3.542188824805292,
      9.54057231529999,
      21.11026951710169,
      1.5264036411567643,
      -0.07141853725771696,
      -15.761750390569809,
      20.47009009129877,
      16.83005543965379,
      0.27926394250381814,
      -20.15865467274117,
      -0.630558664726955,
      -7.288961022058251,
      -7.731049780312656,
      -4.367137043541598,
      17.370330907423867,
      0.2745847717651133,
      17.936363421855525,
      14.898022959842695
    ],
    1.6
  ]
}