{
  "de": [
    [
      -40.582164468445356,
      6.551227497201161,
      -1.1644711135049945,
      -6.137641015621277,
      3.387917321475456,
      -29.37839041901821,
      -0.40556640847570335,
      5.808958905917313,
      4.451767286307351,
      -1.7365576949185324,
      10.007237258980407,
      -12.320768148641346,
      -27.56922838944459,
      5.143685559106714,
      -63.941946953584335,
      -3.895234345736565,
      -0.9318296356590171,
      -7.452018184954937,
      2.592760653316553,
      -26.119511409482946,
      32.246009562621026,
      -4.790182747147634,
      -23.23742638239145,
      -1.5370400111445812,
      -20.095956757753115,
      16.082225470171103
    ],
    -1.4
  ],
  "en": [
    [
      -1.9564742002607076,
      6.647049602173661,
      -18.53388302546517,
      -22.907820571581627,
      -59.77556882886943,
      26.733939055690893,
      -6.607421970237324,
      1.304824894247247,
      -1.7762438028504572,
      -7.36410152216259,
      -16.43547670738931,
      -31.536456475932148,
      19.71180659347543,
      -9.75948545336215,
      8.573483779749367,
      1.2111839887016869,
      -2.9595471616652356,
      10.357112555080231,
      -11.345743318203384,
      23.16566054748526,
      -34.63263653485385,
      3.6760763942502237,
      13.535012441086089,
      0.13303707031558953,
      0.8323512802441417,
      -20.249799713194072
    ],
    3.1
  ],
  "fr": [
    [
      18.07749408796255,
      -9.133552772418724,
      42.094616712328516,
      -8.6495207763112,
      -19.409024765456337,
      10.37776618049404,
      -42.24154813220365,
      -32.831639302507725,
      -16.482605843132767,
      -22.297854244255106,
      -35.64895545995827,
      43.19507403041936,
      -6.110736031983613,
      -71.10169941681309,
      -20.45547936335879,
      -3.975639535154926,
      5.899817268864452,
      4.880200256171484,
      -4.557730090616012,
      -27.108337733485413,
      26.117741096676838,
      -30.664270017919357,
      -46.284561376288735,
      2.7226247898594598,
      4.310924508985984,
      -28.385783847850924
    ],
    -1.9
  ],
  "nl": [
    [
      -31.944450096887493,
      -6.95633767879867,
      -40.94457111300031,
      15.410797009406103,
      55.21365463728199,
      -15.18809406495957,
      21.350156551511496,
      2.9784475028068265,
      -55.20181134416674,
      17.403891276720927,
      -16.022629942592246,
      -16.086170691024464,
      2.789602178916864,
      31.889938175970613,
      -9.950888877832124,
      -20.499837977485505,
      0.18579377506548855,
      -26.31775456238251,
      -12.289590411837558,
      -0.17333335817311024,
      -26.28083135956146,
      45.55489987625166,
      4.9616138666878165,
      3.167175265898678,
      -23.25013000783223,
      -23.008426579618522
    ],
    4.6
  ],
  "pl": [
    [
      16.68634858056484,
      -6.207830431069093,
      5.932416689268526,
      -10.760988733325773,
      -17.38019292443599,
      -1.6231344538094334,
      5.886956886585679,
      -18.947480188317297,
      6.2134731791255255,
      7.481503184346954,
      22.962484806779113,
      4.633544200485527,
      1.9904833546549772,
      -14.380716324246205,
      19.98005737319078,
      14.509058461970248,
      -0.09877579761394029,
      -21.582166590887944,
      2.0701172241402315,
      -2.264612542291122,
      -5.371220684625374,
      -2.6909399889944456,
      18.978837509496095,
      0.5596437238611742,
      13.992582861588286,
      10.58075104370592
    ],
    0.6000000000000001
  ]
}