{
  "de": [
    [
      -92.61347306841839,
      152.10774015067162,
      -175.59544868620458,
      -37.911059359318,
      -8.691833477650519,
      -109.68641831360333,
      24.208706894839125,
      100.52477746957825,
      -28.779340162129223,
      -106.6225912509907,
      200.7795026350075,
      -134.23580788254503,
      -41.171516454279356,
      -37.28089878101749,
      -272.07560370185604,
      16.58173640259067,
      -89.27767747178281,
      140.69228619360058,
      49.49963443397216,
      4.432808493245474,
      70.92467261740694,
      -105.88308147930225,
      -157.51516103081883,
      -62.86034908522811,
      -460.5347510463676,
      228.39934039525232
    ],
    107.1
  ],
  "en": [
    [
      -156.02848748332624,
      -50.96337984493496,
      -59.939414797648865,
      38.00877199602016,
      -220.43004883261028,
      247.25160047613969,
      236.79657288648664,
      419.3034103127113,
      26.135816206316505,
      -323.22930946366677,
      -343.73076887211687,
      -32.01409189553485,
      141.47874244400487,
      35.52052963556345,
      176.55273554551218,
      14.632098501631958,
      -92.25234172255162,
      55.358675371145125,
      -121.99347358567672,
      199.1675200005203,
      -256.0940110080283,
      -150.1946903866374,
      232.2255280570248,
      -72.96206474511507,
      215.08583015026744,
      -371.3489166574636
    ],
    516.1
  ],
  "fr": [
    [
      34.712998712589915,
      -18.103505560787017,
      29.949793789112377,
      4.931903228275097,
      70.8200101633568,
      -18.748113887357658,
      -62.462163939460254,
      -118.1951200578647,
      58.49310795607758,
      -126.17676025860095,
      -201.82026890270603,
      27.369860783673033,
      -141.83338142810516,
      -39.01467266420194,
      45.99850833500042,
      -6.960438804208536,
      69.7299803296269,
      -51.289158069110755,
      87.98192345557183,
      -94.0822017661834,
      10.760607211377149,
      -82.07631391638867,
      -196.67611147986526,
      44.33178437169783,
      -21.807993601169102,
      -154.64994548789582
    ],
    11.6
  ],
  "nl": [
    [
      -32.17165263868037,
      -139.237028765582,
      -260.95745770393955,
      22.757140215846263,
      135.19067153022894,
      -256.69419799952067,
      95.39186840449702,
      -40.726260988771514,
      -70.26730193286463,
      185.93199845757755,
      -20.372465348628815,
      -17.087494125475928,
      64.96492601561427,
      91.41415212131457,
      204.79412094275364,
      -72.16008969998927,
      -2.632296307523473,
      -207.54190472024317,
      -89.43428332382084,
      51.03565347925815,
      -295.887807740801,
      587.7403930501424,
      -64.5370866826256,
      6.75927616768967,
      -260.3297780400994,
      -171.2880948487517
    ],
    60.6
  ],
  "pl": [
    [
      20.83351667270221,
      -9.631423730713065,
      6.168084302938166,
      -12.255109485553959,
      -21.182689452796396,
      -4.626843320861863,
      7.373927700453388,
      -31.81908261926057,
      9.434543878822495,
      11.195393527818434,
      32.76560004446693,
      7.46378089833215,
      2.413041559702563,
      -21.04918247505644,
      22.34934119338302,
      26.68563362618395,
      0.40048362262837256,
      -26.38288786203681,
      -1.0922304890569876,
      -14.706182417022028,
      -11.163421093265473,
      -10.37514889669465,
      22.48760346348755,
      0.8699055419391445,
      13.237060303765391,
      17.557621255410226
    ],
    1.6
  ]
}