{
  "de": [
    [
      -123.8751744567059,
      164.95078514964678,
      -157.42860687342719,
      -53.367662255747845,
      -28.612971073703463,
      -15.378757663865173,
      56.83731532658922,
      136.24092841863748,
      -32.377181577844425,
      -301.0359479538689,
      238.3865116233597,
      -98.38916719899481,
      -19.479615412607814,
      -39.417999719626835,
      -267.98947206914585,
      36.87726460730104,
      -223.6898791133953,
      138.88795536383802,
      43.036582432313935,
      12.788094529372387,
      75.56091084617074,
      -171.36574322571926,
      -109.57161407431468,
      -123.66695339446451,
      -961.0883369198764,
      270.8070994913283
    ],
    303.1
  ],
  "en": [
    [
      -39.60623149846225,
      8.467902680058344,
      101.27909974873941,
      -53.443286918310704,
      -151.9969957104724,
      93.64476114648721,
      112.29510944775032,
      184.3378217681332,
      22.814382922031356,
      -359.61494396726766,
      -401.0656541644165,
      58.290513377931546,
      11.17898360148078,
      68.11184427400767,
      83.0538966578572,
      44.75511079539126,
      -155.98449507965861,
      71.60494363590485,
      -107.43770872405798,
      71.27168408545407,
      -101.19446290773232,
      -72.31765096218206,
      122.74846256778187,
      -145.20897792951052,
      311.9689316069964,
      -450.90225747845597
    ],
    717.6
  ],
  "fr": [
    [
      46.24607069553405,
      5.381553149270108,
      25.98642453784538,
      8.48242860030848,
      81.14670997089279,
      -53.16078796487291,
      -108.60044527993942,
      -159.2366748409632,
      57.79441881840154,
      -104.43227220085879,
      -206.02884094988593,
      21.911883997817398,
      -168.59452128472446,
      -16.37515795044129,
      42.59104001038152,
      -4.247054481136015,
      109.18178736670775,
      -51.898958077193114,
      93.90883216072436,
      -105.93218710982856,
      -6.638449977116096,
      -104.08916226112122,
      -328.28420609459795,
      50.90687485664952,
      -39.362741830529814,
      -224.02739662342844
    ],
    14.100000000000001
  ],
  "nl": [
    [
      30.333572803543476,
      -137.88866348508333,
      -328.7153405294027,
      2.43360691899251,
      120.89218012955132,
      -294.7110776798651,
      7.431120078974857,
      -17.6774724854767,
      -115.53280501551546,
      375.7883480153957,
      63.03593934436884,
      -6.6828114836853985,
      104.59979340171353,
      15.361863295294143,
      224.80213422787727,
      -271.8598318251412,
      -22.792745803955356,
      -207.99816470513912,
      2.8645334937344984,
      -18.45288954689535,
      -213.88539573039338,
      611.3412903594176,
      -144.461946456043,
      -112.52301874920843,
      -372.481537531409,
      -187.04343278895163
    ],
    181.6
  ],
  "pl": [
    [
      16.459890603157476,
      -8.059052471401177,
      7.259859034968496,
      -11.901406951698917,
      -16.84941004461178,
      -6.053414211804874,
      3.053440178197781,
      -32.823508315947585,
      9.495198286278281,
      12.872489372112142,
      31.62953314066892,
      5.185169071779177,
      -1.7206056851208373,
      -21.914131696234207,
      18.905988452334583,
      28.576624110961703,
      0.02183984929606242,
      -24.807748113066047,
      -0.0731425524154723,
      -13.848958469649524,
      -11.65064655823091,
      -10.653491577333696,
      21.14672011786415,
      0.9184860987529978,
      16.627700120247248,
      18.401581023854067
    ],
    1.1
  ]
}