{
  "de": [
    [
      -108.5880486493337,
      127.84955224114643,
      -141.6669679542903,
      28.825663734187543,
      14.632896468026516,
      -130.23374263313298,
      -2.9620067918058837,
      86.46826421329558,
      -42.0845338025118,
      -28.717708707524604,
      167.24374771727693,
      -124.60548539189911,
      -78.97856289689229,
      -4.1009611586516,
      -313.6277608253207,
      -2.6570612163249123,
      -50.98828040073745,
      144.5613348337496,
      42.47552629753079,
      -18.375971665072598,
      91.86026934398143,
      -90.21979678585893,
      -129.09771266991945,
      -48.725581297243565,
      -266.9157919877366,
      187.10144285109527
    ],
    28.6
  ],
  "en": [
    [
      -117.38165280435496,
      -30.235579560804,
      -68.62601344909605,
      24.249075733691697,
      -231.02224269466558,
      172.1130356657339,
      167.44903604366337,
      325.2991950513017,
      -44.57068827726195,
      -140.671626846284,
      -181.1541451142306,
      -66.28767139020339,
      90.2178957935678,
      -0.5323899756596404,
      163.72942208523014,
      -39.326021059194964,
      -50.673784295791805,
      43.56191191333643,
      -54.27454320969177,
      202.9108405493638,
      -208.92470509267108,
      -60.39728311639297,
      123.16607404721455,
      -40.78126325090273,
      73.75860862408095,
      -145.54805290588422
    ],
    217.6
  ],
  "fr": [
    [
      39.504300898056584,
      -18.125567210991402,
      33.786307633180286,
      -4.549154701818157,
      52.876017531469614,
      2.8503430547431456,
      -37.899060810875454,
      -109.87277984183972,
      36.78571464484661,
      -114.22976683713932,
      -154.80103091921438,
      41.76823061076061,
      -75.78221314358666,
      -42.89812400080763,
      2.4807345494758835,
      23.214304144113363,
      44.744393280361955,
      -47.56715719598577,
      40.66694267526047,
      -74.94028239501974,
      76.12165947547095,
      -88.61099225397382,
      -132.65541569346806,
      39.84995834307796,
      -7.7542827032563295,
      -119.20344609620571
    ],
    2.5999999999999996
  ],
  "nl": [
    [
      40.5888193438754,
      -44.83259176849497,
      -192.82245815449647,
      -42.72501126916542,
      141.13988796267063,
      -86.94384802401007,
      12.774995238930202,
      1.471486218354464,
      -142.68457353932774,
      127.98339792183828,
      -9.804619744960831,
      -9.392896994705865,
      7.222882493179391,
      100.19493472859702,
      61.77308896439676,
      -70.44129774454306,
      0.36549807272238555,
      -164.4857804710391,
      -46.63053699447147,
      60.65317163071468,
      -247.1184418136795,
      351.8019504702038,
      6.036640414063072,
      -3.639170228417747,
      -150.41371672291336,
      -127.25319811508987
    ],
    20.6
  ],
  "pl": [
    [
      15.194405460667213,
      -7.579145981836703,
      8.16976598152172,
      -10.228009989111982,
      -17.476684857258746,
      -5.6178956050310696,
      2.2837345259455697,
      -34.94565316502391,
      11.009293712301274,
      13.476859672674927,
      28.706771444915415,
      8.954751309475704,
      -2.619706934882247,
      -19.777306148270483,
      22.792578077078694,
      30.704968337097483,
      0.0981889094621966,
      -23.49504230300117,
      -2.2124394763649082,
      -14.921983803015511,
      -12.920003622626556,
      -11.625015426401461,
      20.59091125089114,
      0.6132589727911987,
      17.38339305832381,
      17.136136558584216
    ],
    1.6
  ]
}