{
  "de": [
    [
      -105.35556872412157,
      17.371161786889882,
      -15.979989495190825,
      -21.53810048871716,
      4.1160490522619,
      -71.11384465048502,
      -4.011158177139034,
      -2.8258525313146947,
      -13.734225205766265,
      -4.32495659598256,
      25.09500194356137,
      -36.02883635633832,
      -39.75857704405917,
      -2.0647362099828612,
      -159.18086614652725,
      -10.00002598910146,
      -4.327325736557993,
      -18.010953141448752,
      -2.052562343615854,
      -73.3151669324482,
      72.0853514355811,
      -19.519673022747266,
      -52.32827607392893,
      -8.920777002402279,
      -59.89945914548855,
      44.09830865437969
    ],
    -4.4
  ],
  "en": [
    [
      -14.124841778680036,
      17.902264952081822,
      -29.444485983017344,
      -18.24778692453974,
      -75.72005410844474,
      42.795908624264335,
      -5.396670515332094,
      31.679896559612644,
      -8.96435198172157,
      -11.532017556902048,
      -28.075529768602426,
      -34.7905989479906,
      47.37442343464969,
      -12.736051660781392,
      36.38151212454568,
      1.5812283996659744,
      -5.799356653852225,
      22.65809169938568,
      -19.986370018441832,
      43.25018020185259,
      -54.622682904548,
      1.7946949107874488,
      28.918323650657825,
      -3.526158433188005,
      7.3725400609389276,
      -27.376331998720417
    ],
    7.6
  ],
  "fr": [
    [
      18.88113031753631,
      -14.86955207556074,
      51.330530466018956,
      -15.418939840032706,
      -6.981310270397898,
      5.230097976901119,
      -37.756435714131726,
      -37.371001710364254,
      -21.87468959680611,
      -41.72008198534374,
      -44.00685152212874,
      58.67866700187835,
      -2.4674302428808055,
      -68.97485046188508,
      -26.423575579964968,
      1.966413004535049,
      9.068226907414182,
      -10.842318920856926,
      0.013902590533511727,
      -32.95952072405757,
      52.548499541553994,
      -46.8526044742242,
      -57.40462004977558,
      5.3980563333994755,
      0.1843314921795951,
      -43.902703956362
    ],
    -3.4000000000000004
  ],
  "nl": [
    [
      -41.44021193352219,
      -26.761890262168844,
      -85.91358874780319,
      28.929193289000356,
      117.95273071035186,
      -28.218977684418817,
      49.2407499830709,
      -5.309387098937705,
      -96.07149064130084,
      29.592459148727798,
      -17.972989736947703,
      -13.960358086752152,
      -0.3112221155782109,
      55.66985165139239,
      -0.46014950627645135,
      -23.513380016750553,
      0.8420904156959329,
      -66.98674311146432,
      -23.981709487156273,
      -7.126146503771935,
      -61.2664143943868,
      84.93531050562567,
      27.25921972096564,
      5.420603413484338,
      -37.383001658502415,
      -30.78639116359946
    ],
    9.1
  ],
  "pl": [
    [
      25.77293126576866,
      -8.163882749627648,
      8.675627464006062,
      -11.207597646532964,
      -20.71747616641909,
      -3.0761312393183537,
      7.032648067011816,
      -32.153981037997355,
      10.289858980805889,
      13.871973176039162,
      36.8625523231989,
      8.599550722404915,
      -2.490527096892329,
      -19.254938449494837,
      27.464772309239336,
      28.29561018249121,
      0.871221965021606,
      -25.921380139542578,
      -1.991648710459522,
      -14.266735569612806,
      -11.746022202800415,
      -11.196039976162128,
      24.549840910811078,
      0.02743928365661763,
      18.067500320665864,
      24.296105667709103
    ],
    -0.3999999999999999
  ]
}